A Crown of Candy: Keep Sharp,Fantasy,9.9
A Crown of Candy: The Grand Tournament,Fantasy,9.9
A Hard Day's Work,Fantasy,9.9
A New Beginning For Pratha And Rishabh,Fantasy,9.9
Dream of the dying traveler,Fantasy,9.9
Episode #1.2,Fantasy,9.9
Episode #1.26,Fantasy,9.9
Episode #1.4,Fantasy,9.9
Episode #1.6,Fantasy,9.9
Episode #2.11,Fantasy,9.9
Alias Mike Hercules,Film-Noir,8.5
Sunset Blvd.,Film-Noir,8.4
Double Indemnity,Film-Noir,8.3
I Am a Fugitive from a Chain Gang,Film-Noir,8.2
Ace in the Hole,Film-Noir,8.1
Rebecca,Film-Noir,8.1
The Third Man,Film-Noir,8.1
Out of the Past,Film-Noir,8.0
Sweet Smell of Success,Film-Noir,8.0
The Maltese Falcon,Film-Noir,8.0
Child Dolls,Game-Show,9.9
Em Busca da Casa Automática: Extras,Game-Show,9.9
Episode #39.104,Game-Show,9.9
Episode #5.3,Game-Show,9.9
Instant Pause,Game-Show,9.9
Playing a 72 Hr Game of Tag Across Europe - Ep 3,Game-Show,9.9
Quick Change 2,Game-Show,9.9
Rhymes Only,Game-Show,9.9
Dick Haymes,Game-Show,9.8
Episode #1.10,Game-Show,9.8
A Clear and Present Danger,History,9.9
Dx Chandu,History,9.9
Episode #1.1,History,9.9
Holy holes: Passing through and looking through,History,9.9
Juan Herrera vale más que 50 mil pesos,History,9.9
Language,History,9.9
Mid-Orange Correctional Facility,History,9.9
Six Locked Doors: The Legacy of Cocoanut Grove,History,9.9
The Long Goodbye,History,9.9
Agape,History,9.8
Atrás De Você,Horror,9.9
D.O.A.,Horror,9.9
Dementia 13,Horror,9.9
Dream of the dying traveler,Horror,9.9
Equipe E,Horror,9.9
Florence,Horror,9.9
Fog Island,Horror,9.9
Gut Rot,Horror,9.9
In Between Tawk Part I,Horror,9.9
It came from the distant depths of the snow,Horror,9.9
Asterix: Video Song Entry,Music,9.9
Avenged Sevenfold 'Beast & the Harlot',Music,9.9
Episode #1.14,Music,9.9
Episode #1.19,Music,9.9
Episode #1.20,Music,9.9
Episode #1.22,Music,9.9
Episode #1.25,Music,9.9
Episode #1.28,Music,9.9
Episode #1.30,Music,9.9
Episode #1.51,Music,9.9
Child Dolls,Musical,9.9
Instant Pause,Musical,9.9
Jeanne D'Arc auf dem Scheiterhaufen,Musical,9.9
Maestro,Musical,9.9
Me singing Don't Wanna Be Torn by Hannah Montana - Christina Grimmie,Musical,9.9
Quick Change 2,Musical,9.9
Red Red Rose,Musical,9.9
Rhymes Only,Musical,9.9
Scuzz Twittly: Keep Yer Hands Off My PBR,Musical,9.9
StarKid Homecoming,Musical,9.9
A New Beginning For Pratha And Rishabh,Mystery,9.9
A Resurrected King,Mystery,9.9
Aditya Desperately Looks For Pooja's Diary!,Mystery,9.9
Campus Warning Signs,Mystery,9.9
Dinner,Mystery,9.9
El Juego,Mystery,9.9
Episode #1.11,Mystery,9.9
Episode #1.2,Mystery,9.9
Episode #1.3,Mystery,9.9
Episode #1.9,Mystery,9.9
Brett Cooper Reacts to WOKE TikTok Resolutions for 2023,News,9.9
Episode #1.10,News,9.9
Episode #4.2,News,9.9
Gas Stoves Are Racist and Dangerous?!,News,9.9
I Cannot Believe This Book Exists On The Shelves Of SCHOOL Libraries.,News,9.9
Prince Oak Oakleyski and News Interviewers,News,9.9
Star Wars Accused Their Entire Fandom of WHAT?!,News,9.9
These Might Be the Top 3 Wokest Commercials Ever,News,9.9
Wie schaff ich es in Hollywood?,News,9.9
"Another Man Is Now Documenting His \"Womanhood\"",News,9.8
Campus Warning Signs,Reality-TV,9.9
Dogru Kariyer EP8,Reality-TV,9.9
Funbags or Die,Reality-TV,9.9
"Los Angeles, Las Vegas, L'Avana, Miami",Reality-TV,9.9
Massacre Under the House,Reality-TV,9.9
Prince Oak Oakleyski and News Interviewers,Reality-TV,9.9
Road Quest,Reality-TV,9.9
Technology,Reality-TV,9.9
The Urban Rescue Ranch,Reality-TV,9.9
Wie schaff ich es in Hollywood?,Reality-TV,9.9
10. Bolum,Romance,9.9
17. Bolum,Romance,9.9
18. Bolum,Romance,9.9
19. Bolum,Romance,9.9
A Joke,Romance,9.9
Add Edit,Romance,9.9
Adherence,Romance,9.9
Aditya Desperately Looks For Pooja's Diary!,Romance,9.9
Aerodrome,Romance,9.9
Apoderada legal,Romance,9.9
Campus Warning Signs,Sci-Fi,9.9
Cataclysm: End of the Line,Sci-Fi,9.9
D.O.A.,Sci-Fi,9.9
Dementia 13,Sci-Fi,9.9
EIGHT,Sci-Fi,9.9
Fog Island,Sci-Fi,9.9
Fun World,Sci-Fi,9.9
Man in the Attic,Sci-Fi,9.9
Scared to Death,Sci-Fi,9.9
Shock,Sci-Fi,9.9
1:21,Short,9.9
2019. Msk,Short,9.9
34 Minutes,Short,9.9
A Breakup,Short,9.9
A Fantastic Mistake,Short,9.9
A Joke,Short,9.9
A Miracle in West Brom,Short,9.9
A Origem da Alma: A Vida de Gabino Ribeiro,Short,9.9
A Recollection,Short,9.9
A Time Alive,Short,9.9
10. Bolum,Sport,9.9
Arsène Wenger Özel,Sport,9.9
Chef Duncan,Sport,9.9
Episode #1.1,Sport,9.9
Episodio 160,Sport,9.9
"Liverpool-Chelsea, N'Golo Kante, Premier Lig'de Ilk Hafta",Sport,9.9
Oscar'i Kimler Kazanir ve Akademi Neyin Pesinde? (+Futbol: Sergio Agüero),Sport,9.9
Sulla buona strada,Sport,9.9
"#EmeryOut, Norwich, Tammy Abraham, Roberto Firmino, Zidane, Erling Haaland",Sport,9.8
11. Bolum,Sport,9.8
"A Gender Theory \"DEBATE\" With An Evolutionary Biologist",Talk-Show,9.9
"ASU Students Melt Down over \"Racist\" 'Police Lives Matter' Sticker",Talk-Show,9.9
Ava Kolker Talks Girl Meets World + Lexy & Millennium Falcon at Disneyland SWGE!,Talk-Show,9.9
Barstool Yak,Talk-Show,9.9
"Bette Davis, Kathy Garver, April Olrich",Talk-Show,9.9
Bette Davis/Ed McMahon/Doc Severinsen,Talk-Show,9.9
Brett Cooper Reacts to WOKE TikTok Resolutions for 2023,Talk-Show,9.9
Captain's Log,Talk-Show,9.9
Comedian BODIES Woke Climate Activists in Viral Oxford Speech,Talk-Show,9.9
"DEBUNKING Ibram Kendi's \"Anti-Racism\" on Stephen Colbert",Talk-Show,9.9
1888,Thriller,9.9
407 Proxy Authentication Required,Thriller,9.9
A New Beginning,Thriller,9.9
A Recollection,Thriller,9.9
Black & White - A dreamy reality,Thriller,9.9
Capital Bigfoot,Thriller,9.9
Dinner,Thriller,9.9
Do No Harm,Thriller,9.9
Episode #1.1,Thriller,9.9
Episode #1.11,Thriller,9.9
Anonymous,War,9.9
Die Schlacht bei Lobositz,War,9.9
Yer Eksi Iki,War,9.9
1.Bölüm,War,9.8
Amal,War,9.8
Do you remember Tuesday?,War,9.8
Episode #1.21,War,9.8
Episode #1.22,War,9.8
Episode #1.23,War,9.8
Episode #1.24,War,9.8
The White Witch,Western,9.9
Five of Spades,Western,9.8
Plan 11: Black Bela Returns,Western,9.8
The Chameleon Kid,Western,9.8
A Study in Fear,Western,9.7
Bad Men and The Devil,Western,9.7
Lillian,Western,9.7
Prince Oak Oakleyski Russia-Thailand,Western,9.7
Frisco,Western,9.6
"The Good, the Bad and the Chorley",Western,9.6
